points_per_axis,numpy_over_jax_time,numpy_over_jax_peak_rss
10,0.0667476534,0.2756159223
20,0.1446102492,0.8499535135
40,0.7347759209,1.5253919043
80,6.9749156352,0.9785640608
