points_per_axis,numpy_over_jax_time,numpy_over_jax_peak_rss
10,0.0682904657,0.2790592719
20,0.1446102492,0.8499535135
40,0.7347759209,1.5253919043
80,3.7584350694,0.9837426337
