points_per_axis,numpy_over_jax_time,numpy_over_jax_peak_rss
10,0.0535381532,0.1218905188
20,0.1365579639,0.5378434103
40,0.6683331311,1.2959962879
80,2.3065740131,2.0399797095
