points_per_axis,numpy_over_jax_time,numpy_over_jax_peak_rss
10,0.0510660654,0.1217572766
20,0.1326905494,0.5378268891
40,0.6538776285,1.3012777942
80,2.3606853266,2.0528711679
