points_per_axis,total_elapsed_s,jax_peak_gpu_mb
10,4.7851947583,57.8322753906
20,4.9041255750,240.6789550781
40,4.7714309953,1892.5849609375
80,5.1424733140,15140.6333007812
