points_per_axis,numpy_over_jax_time,numpy_over_jax_peak_rss
10,0.0517690822,0.1286587602
20,0.1344800303,0.5320393682
40,0.6607085475,1.3018734886
80,2.1987813789,2.0386062170
