points_per_axis,total_elapsed_s,peak_gpu_mb
10,3.9249900430,18464.0000000000
20,4.2589852102,18464.0000000000
40,4.9906463400,18464.0000000000
80,9.6986455619,18464.0000000000
