points_per_axis,numpy_over_jax_time,numpy_over_jax_peak_rss
10,0.1533201246,0.1735014299
20,0.2791637431,0.6576893076
40,0.6236191534,1.3945553669
80,3.2168798013,2.3856272715
