points_per_axis,total_elapsed_s,jax_peak_gpu_mb
10,16.5611801362,29.5776367188
20,9.3062413447,236.5776367188
40,9.8863720163,1892.5849609375
80,10.2255440070,15140.6333007812
