n_param_axis,rss_delta_mb_np,rss_delta_mb_jax,gpu_delta_mb_jax
10,2.61328125,109.54296875,48.03466796875
20,13.57421875,174.46484375,48.24755859375
40,99.8125,167.61328125,55.0126953125
80,805.8515625,649.68359375,216.084716796875
