n_param_axis,rss_delta_mb_np,rss_delta_mb_jax,gpu_delta_mb_jax
10,49.8046875,204.29296875,57.805908203125
20,393.2109375,316.85546875,240.492919921875
40,3140.53515625,1973.72265625,1891.11572265625
80,25128.4609375,11846.66796875,15128.90869140625
