n_param_axis,rss_delta_mb_np,rss_delta_mb_jax
10,52.1875,124.984375
20,407.6875,327.8125
40,3239.265625,1955.375
80,10144.46875,10201.625
