n_param_axis,rss_delta_mb_np,rss_delta_mb_jax
10,7.15625,47.203125
20,70.8125,62.390625
40,118.921875,126.421875
80,841.515625,657.015625
