n_param_axis,rss_delta_mb_np,rss_delta_mb_jax,gpu_delta_mb_jax
10,42.671875,92.1484375,29.55126953125
20,390.3828125,311.40234375,236.3916015625
40,3157.296875,1957.8671875,1891.11572265625
80,25117.17578125,10204.42578125,15128.90869140625
