n_param_axis,rss_delta_mb_np,rss_delta_mb_jax,gpu_delta_mb_jax
10,4.0,137.08984375,0.364501953125
20,14.69140625,157.796875,2.8115234375
40,97.359375,234.671875,3.47998046875
80,807.625,750.984375,27.8330078125
